Rooftop|Domain|City|State|Group|Platform
Arapahoe Hyundai|arapahoehyundai.com|Centennial|CO|Other|I
Audi North Atlanta|audinorthatlanta.com|Roswell|GA|Other|D
Bill Estes Chevy Buick GMC Lebanon|billesteschevybuickgmc.com|Lebanon|IN|BillEstes|D
Bill Estes Chevy Indianapolis|billesteschevy.com|Indianapolis|IN|BillEstes|D
Bill Estes Chrysler Dodge Jeep RAM|billesteschryslerdodgejeepram.com|Brownsburg|IN|BillEstes|I
Bill Estes Ford Brownsburg|billestesford.com|Brownsburg|IN|BillEstes|D
Bill Estes Toyota|billestestoyota.com|Indianapolis|IN|BillEstes|D
Coggin Acura Fort Pierce|cogginacura.com|Fort Pierce|FL|Coggin|D
Coggin BMW Treasure Coast|cogginbmw.com|Fort Pierce|FL|Coggin|D
Coggin Buick/GMC of Orange Park|cogginbuickgmc.com|Jacksonville|FL|Coggin|D
Coggin Chevrolet at the Avenues|cogginchevrolet.com|Jacksonville|FL|Coggin|D
Coggin Deland Ford Lincoln|coggindelandford.com|Orange City|FL|Coggin|D
Coggin Deland Ford|coggindelandford.com|Orange City|FL|Coggin|D
Coggin Deland Honda|cogginhondadeland.com|Orange City|FL|Coggin|D
Coggin Deland Hyundai|coggindelandhyundai.com|DeLand|FL|Coggin|D
Coggin Ford Jacksonville|cogginfordjacksonville.com|Jacksonville|FL|Coggin|D
Coggin Honda Fort Pierce|cogginhondaftpierce.com|Fort Pierce|FL|Coggin|D
Coggin Honda Jacksonville|cogginhondajacksonville.com|Jacksonville|FL|Coggin|D
Coggin Honda Orlando|cogginhondaorlando.com|Orlando|FL|Coggin|D
Coggin Honda Saint Augustine|cogginhondastaugustine.com|Saint Augustine|FL|Coggin|D
Coggin Nissan at the Avenues|nissanattheavenues.com|Jacksonville|FL|Coggin|D
Coggin Nissan on Atlantic|cogginnissanatlantic.com|Jacksonville|FL|Coggin|D
Coggin Toyota at the Avenues|coggintoyota.com|Jacksonville|FL|Coggin|D
Courtesy Chrysler Jeep Dodge Ram|courtesychryslerjeepdodge.com|Tampa|FL|Courtesy|D
Courtesy Hyundai of Tampa|tampahyundai.com|Tampa|FL|Courtesy|D
Courtesy Kia of Brandon|brandonkia.com|Tampa|FL|Courtesy|D
Courtesy Nissan of Tampa|courtesynissanoftampa.com|Tampa|FL|Courtesy|D
Courtesy Palm Harbor Honda|palmharborhonda.com|Palm Harbor|FL|Courtesy|D
Courtesy Toyota of Brandon|courtesytoyota.com|Tampa|FL|Courtesy|D
Crown Acura Richmond|crownacurarichmond.com|Richmond|VA|Crown|D
Crown MINI of Richmond|crownmini.com|Richmond|VA|Crown|D
David McDavid Acura of Austin|davidmcdavidacuraofaustin.com|Austin|TX|DavidMcDavid|D
David McDavid Ford|mcdavidford.com|Fort Worth|TX|DavidMcDavid|D
David McDavid Frisco Lincoln|mcdavidlincolnfrisco.com|Frisco|TX|DavidMcDavid|D
David McDavid Honda of Frisco|mcdavidhondafrisco.com|Frisco|TX|DavidMcDavid|D
David McDavid Honda of Irving|mcdavidhondairving.com|Irving|TX|DavidMcDavid|D
Hare Chevrolet|harechevy.com|Noblesville|IN|Hare|O
Hare Honda|harehonda.com|Avon|IN|Hare|D
Hare Isuzu Trucks|haretruckcenter.com|Noblesville|IN|Hare|D
INFINITI of Tampa|infinitioftampa.com|Tampa|FL|Other|U
Kahlo Chrysler Dodge Jeep Ram|hellokahlo.com|Noblesville|IN|Other|I
Larry H. Miller American Toyota Albuquerque|americantoyota.com|Albuquerque|NM|LHM|D
Larry H. Miller Casa Chevrolet|lhmcasachevroletalbuquerque.com|Albuquerque|NM|LHM|D
Larry H. Miller Casa Chrysler Jeep|lhmcasajeepalbuquerque.com|Albuquerque|NM|LHM|D
Larry H. Miller Chevrolet Murray|larryhmillerchevrolet.com|Murray|UT|LHM|D
Larry H. Miller Chrysler Dodge Jeep Ram 104th|lhmdenverjeep.com|Thornton|CO|LHM|D
Larry H. Miller Chrysler Dodge Ram FIAT Denver|lhmchryslerdodgeramfiatdenver.com|Denver|CO|LHM|D
Larry H. Miller Chrysler Jeep Avondale|larrymillerchryslerjeepavondale.com|Avondale|AZ|LHM|D
Larry H. Miller Chrysler Jeep Dodge RAM Surprise|chryslerjeepdodgesurprise.com|Surprise|AZ|LHM|D
Larry H. Miller Chrysler Jeep Dodge Ram Albuquerque|lhmchryslerjeepdodgeabq.com|Albuquerque|NM|LHM|D
Larry H. Miller Chrysler Jeep Dodge Ram Boise|lhmdodgeboise.com|Boise|ID|LHM|D
Larry H. Miller Chrysler Jeep Dodge Ram Bountiful|bountifulchryslerjeep.com|West Bountiful|UT|LHM|D
Larry H. Miller Chrysler Jeep Dodge Ram Riverdale|lhmdodgeriverdale.com|Riverdale|UT|LHM|D
Larry H. Miller Chrysler Jeep Dodge Ram Sandy|lhmchryslerjeep.com|Sandy|UT|LHM|D
Larry H. Miller Chrysler Jeep Tucson|larrymillerchryslerjeeptucson.com|Tucson|AZ|LHM|D
Larry H. Miller Colorado Jeep|lhmcoloradojeep.com|Denver|CO|LHM|D
Larry H. Miller Dodge RAM Avondale|avondaledodge.com|Avondale|AZ|LHM|D
Larry H. Miller Dodge RAM FIAT Tucson|larrymillerdodgeramtucson.com|Tucson|AZ|LHM|D
Larry H. Miller Dodge Ram Peoria|larrymillerdodge.com|Peoria|AZ|LHM|D
Larry H. Miller Downtown Honda Spokane|larryhmillerhondaspokane.com|Spokane|WA|LHM|D
Larry H. Miller Ford Lakewood|lhmlakewoodford.com|Lakewood|CO|LHM|D
Larry H. Miller Ford Lincoln Draper|lhmforddraper.com|Draper|UT|LHM|D
Larry H. Miller Ford Mesa|lhmfordmesa.com|Mesa|AZ|LHM|D
Larry H. Miller Genesis of Albuquerque|larryhmillergenesis.com|Albuquerque|NM|LHM|D
Larry H. Miller Genesis of Peoria|larrymillergenesis.com|Peoria|AZ|LHM|D
Larry H. Miller Honda Boise|larrymillerhondaboise.com|Boise|ID|LHM|D
Larry H. Miller Honda Murray|lhmhonda.com|Murray|UT|LHM|D
Larry H. Miller Hyundai Albuquerque|larryhmillerhyundai.com|Albuquerque|NM|LHM|D
Larry H. Miller Hyundai Peoria|larrymillerhyundai.com|Peoria|AZ|LHM|D
Larry H. Miller Lexus Lindon|larryhmillerlexuslindon.com|Lindon|UT|LHM|D
Larry H. Miller Lexus Murray|lhmlexus.com|Murray|UT|LHM|D
Larry H. Miller Lincoln Draper|larryhmillerlincolndraper.com|Draper|UT|LHM|D
Larry H. Miller Lincoln Provo|larryhmillerlincolnofprovo.com|Provo|UT|LHM|D
Larry H. Miller Mercedes Benz Draper|mbdraper.com|Draper|UT|LHM|D
Larry H. Miller Nissan Mesa|lhmnissanmesa.com|Mesa|AZ|LHM|D
Larry H. Miller Southwest Hyundai Albuquerque|southwesthyundai.com|Albuquerque|NM|LHM|D
Larry H. Miller Subaru Boise|boisesubaru.com|Boise|ID|LHM|D
Larry H. Miller Super Ford Salt Lake City|lhmford.com|Salt Lake City|UT|LHM|D
Larry H. Miller Toyota Murray|larryhmillertoyota.com|Murray|UT|LHM|D
Larry H. Miller Toyota Peoria|larrymillertoyota.com|Peoria|AZ|LHM|D
Larry H. Miller Used Car Supermarket 90th South|lhmusedcars.com|Sandy|UT|LHM|U
Larry H. Miller Used Car Supermarket Boise|lhmusedcarsboise.com|Boise|ID|LHM|D
Larry H. Miller Used Car Supermarket Murray|lhmusedcars.com|Murray|UT|LHM|U
Larry H. Miller Used Truck Center Sandy|lhmusedcars.com|Sandy|UT|LHM|U
Larry H. Miller Volkswagen Avondale|larrymillervolkswagen.com|Avondale|AZ|LHM|D
Larry H. Miller Volkswagen Lakewood|lhmvw.com|Lakewood|CO|LHM|D
Larry H. Miller Volkswagen Tucson|volkswagenoftucson.com|Tucson|AZ|LHM|D
Mercedes-Benz of Chesterfield|mbofchesterfield.com|OFallon|MO|MercedesBenz|D
Mercedes-Benz of Fort Pierce|mercedesbenzofftpierce.com|Fort Pierce|FL|MercedesBenz|D
Mercedes-Benz of Tampa|mboftampabay.com|Tampa|FL|MercedesBenz|D
Mike Shaw Subaru Greeley|greeleysubaru.com|Greeley|CO|MikeShaw|D
Mike Shaw Subaru|mikeshawsubaru.com|Thornton|CO|MikeShaw|D
Nalley Acura|nalleyacura.com|Marietta|GA|Nalley|D
Nalley BMW of Decatur|nalleybmw.com|Decatur|GA|Nalley|D
Nalley Chevrolet|nalleychevyatlanta.com|Union City|GA|Nalley|D
Nalley Honda|nalleyhonda.com|Union City|GA|Nalley|D
Nalley Hyundai|nalleyhyundai.com|Lithonia|GA|Nalley|D
Nalley INFINITI Marietta|nalleyinfinitimarietta.com|Marietta|GA|Nalley|U
Nalley INFINITI of Atlanta|nalleyinfinitiatlanta.com|Atlanta|GA|Nalley|U
Nalley Kia|nalleykia.com|Lithonia|GA|Nalley|D
Nalley Lexus Roswell|nalleylexusroswell.com|Roswell|GA|Nalley|D
Nalley Lexus Smyrna|nalleylexussmyrna.com|Smyrna|GA|Nalley|D
Nalley Toyota Stonecrest|stonecresttoyota.com|Lithonia|GA|Nalley|D
Nalley Toyota Union City|toyotaofunioncity.com|Union City|GA|Nalley|D
Nalley Toyota of Roswell|toyotaofroswell.com|Roswell|GA|Nalley|D
Nalley Volkswagen of Alpharetta|nalleyvw.com|Alpharetta|GA|Nalley|D
Park Place Acura|parkplace.com|Plano|TX|ParkPlace|D
Park Place Jaguar Land Rover|parkplace.com|Dallas|TX|ParkPlace|D
Park Place Jaguar|parkplace.com|Dallas|TX|ParkPlace|D
Park Place Land Rover|parkplace.com|Dallas|TX|ParkPlace|D
Park Place Lexus Grapevine|parkplace.com|Grapevine|TX|ParkPlace|D
Park Place Lexus|parkplace.com|Plano|TX|ParkPlace|D
Park Place Motorcars Arlington|parkplace.com|Arlington|TX|ParkPlace|D
Park Place Motorcars Dallas|parkplace.com|Dallas|TX|ParkPlace|D
Park Place Motorcars Fort Worth|parkplace.com|Fort Worth|TX|ParkPlace|D
Park Place Porsche|porschedallas.com|Dallas|TX|ParkPlace|D
Park Place Volvo|parkplace.com|Dallas|TX|ParkPlace|D
Plaza BMW|plazabmw.com|Creve Coeur|MO|Plaza|D
Plaza INFINITI|plazainfiniti.com|Creve Coeur|MO|Plaza|U
Plaza Jaguar|plazajaguarstlouis.com|Creve Coeur|MO|Plaza|D
Plaza Land Rover & Jaguar St. Louis|landroverstlouis.com|Creve Coeur|MO|Plaza|D
Plaza Land Rover|landroverstlouis.com|Creve Coeur|MO|Plaza|D
Plaza Motor Company|plazamercedesbenz.com|Creve Coeur|MO|Plaza|D
Richmond BMW Midlothian|richmondbmwmidlothian.com|Midlothian|VA|RichmondBMW|D
Richmond BMW|richmond-bmw.com|Richmond|VA|RichmondBMW|D
Stevinson Chevrolet|stevinsonchevrolet.com|Lakewood|CO|Stevinson|O
Stevinson Hyundai|stevinsonhyundai.com|Frederick|CO|Stevinson|D
Stevinson Jaguar Lakewood|jaguarlakewood.com|Lakewood|CO|Stevinson|D
Stevinson Lexus of Frederick|stevinsonlexusoffrederick.com|Frederick|CO|Stevinson|U
Stevinson Lexus of Lakewood|stevinsonlexusoflakewood.com|Lakewood|CO|Stevinson|U
Stevinson Toyota East|stevinsontoyotaeast.com|Aurora|CO|Stevinson|U
Stevinson Toyota West|stevinsontoyotawest.com|Lakewood|CO|Stevinson|U
Toyota of Greenville|toyotaofgreenville.com|Greenville|SC|Other|D
